{
  "_generated": "Generated by SweetTooth, do not edit",
  "description": "TopHat aims to be an elegant system resource monitor for the GNOME shell. It displays CPU, memory, disk, and network activity in the GNOME top bar.",
  "gettext-domain": "tophat@fflewddur.github.io",
  "name": "TopHat",
  "settings-schema": "org.gnome.shell.extensions.tophat",
  "shell-version": [
    "3.34",
    "3.32",
    "3.36",
    "3.38",
    "40",
    "41",
    "42",
    "43",
    "44"
  ],
  "url": "https://github.com/fflewddur/tophat",
  "uuid": "tophat@fflewddur.github.io",
  "version": 11
}