{
  "_generated": "Generated by SweetTooth, do not edit",
  "description": "Numlock & Capslock status on the panel.",
  "gettext-domain": "org.gnome.shell.extensions.lockkeys",
  "name": "Lock Keys",
  "original-authors": "Kazimieras Vaina, Pierre Ossman, erguille, jonnius, Philipp Wolfer, Mariusz Lisowski, Cristian Beroiza, warmsun0220, Rasmus Kaj, Pablo Martin-Gomez Bouska, Rapha\u00ebl Rochet, Luiz Nickel, Jesse, Du\u0161an Kazik",
  "settings-schema": "org.gnome.shell.extensions.lockkeys",
  "shell-version": [
    "45"
  ],
  "url": "https://github.com/kazysmaster/gnome-shell-extension-lockkeys",
  "uuid": "lockkeys@vaina.lt",
  "version": 54
}